model,task,success,valid,codebleu,bleu,meteor,rouge1,rouge2,rougeL,rougeLsum,chrF,ter,wer
deepseekcoderv2,int_cmp,1.0,1.0,0.38733968326798035,0.2760392971167319,0.5140294021265555,0.4493159268172534,0.25675185233278375,0.38442097849679624,0.44739215458210796,43.76017349154521,88.18166173375016,0.9377059096351068
deepseekcoderv2,str_prepend,1.0,1.0,0.3803691363630202,0.1542459667267675,0.4604378044945723,0.30863869749429607,0.13838593780839345,0.2958094616191374,0.30863869749429607,28.69489038519425,191.91653375863902,2.1586592970521545
yicoder9b,str_append,1.0,1.0,0.40710145876661386,0.24854650761588695,0.4746236354788276,0.40628895139888116,0.24721827691673567,0.3993160592245679,0.4033100405362905,37.60097790122844,103.1573339806008,1.1369321922317315
deepseekcoderv2,str_append,1.0,0.9761904761904762,0.4009210412122044,0.23878237525231003,0.48114828139361865,0.388830957898202,0.23325957039768822,0.3791619175059114,0.3839216947734118,37.030590787046414,124.53851626120533,1.4063348816229
deepseekcoderv2,int_arith,1.0,0.9761904761904762,0.3072294588512689,0.2522060479973517,0.4361970890496681,0.3570795799856156,0.1625037214038667,0.3039804187015263,0.35112093511586184,41.17720746064021,124.62006828854993,1.3102871552884945
codegeex4,int_cmp,1.0,0.9761904761904762,0.38808588538410715,0.29500151417614406,0.5208586470957111,0.459642957621767,0.27281595185936613,0.3968343425980002,0.4577297525642837,44.19116561251665,81.46658821151011,0.8555298968873973
codeqwen,str_append,1.0,0.9761904761904762,0.3687135563059864,0.2084945967741583,0.4594490103844898,0.3756084837221119,0.2209339288905031,0.3708393489707739,0.37321010143332567,35.017510030801425,119.61029604149351,1.3217065320751957
codegeex4,str_interp,1.0,0.9523809523809523,0.3871415488882301,0.2567989523008207,0.5305333256774196,0.3923128749321285,0.22607222883882624,0.350479668130346,0.3887360890802629,40.29284220668681,150.89623964354269,1.6398955024731423
deepseekcoderv2,str_interp,1.0,0.9523809523809523,0.39518869189213046,0.23582533937681593,0.5131307047890813,0.3596230008076206,0.20961365978718863,0.325441590893281,0.3561637501875562,39.436012091268566,183.01847264645565,2.001659744672167
codeqwen,str_concat,1.0,0.9523809523809523,0.4264029826729334,0.2943857577803456,0.5235142834944556,0.4255660101012605,0.2767832827150597,0.40423176806753813,0.4251658500372349,42.69855022680982,123.875553272415,1.3114404654244647
yicoder9b,int_cmp,1.0,0.9523809523809523,0.3785620058309906,0.26343405793500263,0.4905019200870271,0.4474059546981948,0.26080207914418535,0.38136252105425744,0.44577123469125257,42.527962398998554,85.27233151785511,0.9016225086312696
yicoder9b,str_concat,1.0,0.9523809523809523,0.40428184523357125,0.28054825498764063,0.5115003860032015,0.4190292669354894,0.2567415743367987,0.4011435758205676,0.4177873003325753,42.47926589039504,117.76328714170643,1.2443966361876686
codeqwen,str_interp,1.0,0.9523809523809523,0.36381837933077876,0.24021998404303482,0.5202421351651618,0.37988485247373366,0.2045768332288,0.34522202282925435,0.37423520069803035,40.000157565021844,122.60339418127911,1.3358570633415354
yicoder9b,str_interp,1.0,0.9285714285714286,0.3682974057913385,0.2522901450033783,0.5259508418212062,0.3933433151091429,0.22405175182636994,0.3476607721852482,0.3884762821906964,41.000178273612626,124.44598955582937,1.3580927928754016
deepseekcoderv2,logic_ops,1.0,0.9285714285714286,0.5094434394559759,0.3966780398886983,0.6421878997401803,0.4840023326072022,0.3063595444576113,0.46445261061552195,0.483511414590511,52.025389502609805,114.21859253010408,1.1670796372320384
codegeex4,str_append,1.0,0.9285714285714286,0.39360976419962473,0.2304038315354561,0.4736485951908013,0.39182103136767843,0.22610522681462125,0.3881464241084083,0.39004763235290013,36.7596031730723,102.2506865994261,1.0929312047399604
codegemma7b,int_cmp,1.0,0.9285714285714286,0.39058734954406205,0.31545226985206215,0.5150848381445063,0.4824423500939573,0.29128376052831856,0.42381349520989614,0.4815986792923034,44.6618585356494,70.99988879591731,0.7438141301061469
deepseekcoder7b,str_append,1.0,0.9285714285714286,0.38300996795191056,0.21737521102316318,0.46552273259953897,0.354512703486426,0.19873213053026303,0.3510907280134671,0.35245771482429444,35.982274383106535,130.1537025066437,1.4347200887523468
codegeex4,str_concat,1.0,0.9047619047619048,0.4456489244520584,0.31794690503412854,0.5302864627286328,0.45023175444978025,0.30940182786854137,0.43486953554362884,0.44931464686600603,44.92996318794902,124.7710649858723,1.3191546010437718
yicoder9b,int_arith,1.0,0.9047619047619048,0.29485203307602736,0.25524417697468776,0.43181722234705716,0.34745888208648884,0.15402854894606174,0.2929519021982565,0.3406841212969917,39.0215844493538,135.76408307362334,1.4078393778040628
codegeex4,str_prepend,1.0,0.9047619047619048,0.3556608835077787,0.1582210819617441,0.4246070676630733,0.3142703090712849,0.13851948360024993,0.30597578386026714,0.3142703090712849,28.866438470748605,144.35263566842514,1.572264739229025
magicoder7b,str_interp,1.0,0.9047619047619048,0.3769002242830069,0.2489743286820561,0.5126926000229802,0.3737067296381016,0.21501750601555486,0.32919041570900526,0.3696634483523405,40.9762247501498,138.62311786502698,1.5076264028127382
yicoder9b,str_match,1.0,0.9047619047619048,0.2881239983204221,0.12017667442206459,0.2879975545816127,0.19832657646821542,0.057060900270110286,0.1475457427221253,0.19548933879263855,30.31279618799629,203.1405759772667,2.363665718094109
dolphincoder7b,str_concat,1.0,0.9047619047619048,0.4036840787413259,0.26910473761691706,0.4972061020627847,0.4087316986691684,0.2572444509411764,0.39278176098180606,0.4083315386051428,41.03629149725435,124.83076039340222,1.2980087868480727
deepseekcoderv2,str_concat,1.0,0.8809523809523809,0.44552608297005314,0.3323887924155865,0.5441748501675449,0.4407595244795005,0.2946033232922404,0.42600806021355486,0.44013349469108637,45.1288217538214,119.53906610317658,1.2505790707268232
magicoder7b,str_append,1.0,0.8809523809523809,0.3645756324914563,0.22221226189846763,0.45460962350277645,0.3720880178643038,0.21141681565186524,0.3647300943676466,0.3690029802965076,35.523545323204,94.14577903811097,1.0008168141808695
deepseekcoder7b,str_prepend,1.0,0.8809523809523809,0.3201292014132988,0.13837012546455568,0.40128154186238957,0.27913601662215237,0.11790991973517852,0.27006363183506754,0.27913601662215237,26.95486895442155,187.644246591615,2.0881802721088434
codeqwen,str_prepend,1.0,0.8809523809523809,0.3538758762500641,0.1784623072495078,0.42830554322823067,0.3477020242292876,0.1658881470711641,0.3427513078456664,0.3477020242292876,29.211310614858682,143.67392841077051,1.5761054421768708
codegemma7b,str_append,1.0,0.8571428571428571,0.3767615458814742,0.20620360993201622,0.4488082791149451,0.3549362153316329,0.2011221343729305,0.3494601841697536,0.353964398033285,33.64624608342292,99.14959947654275,1.0575942384122108
yicoder9b,file_exists,1.0,0.8571428571428571,0.37804718315477137,0.21527770075799457,0.43806378372755633,0.22180494377387183,0.10795193959931992,0.18975734862595287,0.21914221703871642,40.08588754614933,613.0058840879216,8.851793345543346
deepseekcoder7b,str_concat,1.0,0.8571428571428571,0.4256671814657301,0.3135646130938375,0.5157197007107528,0.44106749876717466,0.2888678716838832,0.4236600888256681,0.44106749876717466,44.21344300311392,113.8653187247439,1.1916148534885653
codellama7b,int_cmp,0.9761904761904762,0.8780487804878049,0.39197750565770295,0.29555273213193944,0.507167905159328,0.48058055314021125,0.28757621940013434,0.4172066106917168,0.4797312754745023,43.521448050671694,75.07040985505418,0.7898311408587211
deepseekcoderv2,str_match,1.0,0.8571428571428571,0.2920775610268826,0.11332260490229389,0.2995463702683284,0.1974261773518734,0.05581652671211553,0.14335958709187954,0.19531710061935298,30.828713109614444,228.4171474987101,2.628694059356842
yicoder2b,str_prepend,1.0,0.8571428571428571,0.3408017832549518,0.1531753679510188,0.41752533663343494,0.3135286640748746,0.13230600079720573,0.3046948173930652,0.3130166313047773,28.901561739643387,163.98707530286478,1.815065192743764
dolphincoder7b,str_append,0.9761904761904762,0.8780487804878049,0.34641813352872197,0.19138224053679828,0.42953093965730504,0.35382820327655506,0.19910198309450275,0.3450915894537757,0.35133107367404126,33.55666167298299,160.8757716657645,1.8363165486493573
codegemma7b,int_arith,1.0,0.8571428571428571,0.343117264736224,0.307846261258391,0.4466870289583237,0.4094353138734288,0.2224362203034659,0.36808634411078894,0.4023108549287651,41.835220766035704,89.88089121189448,0.9311560672231811
codegeex4,int_arith,1.0,0.8571428571428571,0.314720905644712,0.26747924087218605,0.434224926081043,0.3546297022365893,0.17259552384812196,0.31216785236963934,0.3485410246753979,40.71003975764534,114.32454311742893,1.1799227208670695
deepseekcoder7b,int_arith,1.0,0.8571428571428571,0.30741125190558327,0.24862010001474671,0.4051129968392224,0.32805373160083695,0.14393716709954166,0.2760965063966979,0.3220181757913569,38.8832628906363,150.84381224692072,1.5688345740078304
deepseekcoderv2,str_substring,1.0,0.8333333333333334,0.3461514886351373,0.1816458351468306,0.37566480381844664,0.27709193320304265,0.11247120717930684,0.22432282676692222,0.27336303480034896,38.71158246494494,189.97983323844926,2.0687411312025596
qwen2.5coder7b,str_concat,1.0,0.8333333333333334,0.45234919116407046,0.31697373031573944,0.540222445500784,0.45804635533954635,0.3100181019967002,0.4396166778917209,0.45771100993377845,45.023289161328464,112.96848831065606,1.1952377474399962
magicoder7b,str_concat,1.0,0.8333333333333334,0.4247941208734981,0.2845235818876214,0.5103402137095031,0.4449711196078551,0.2776261480593385,0.42838046467699537,0.44480969910745155,42.91791600285719,114.75588614545742,1.196114604996436
qwen2.5coder7b,str_prepend,1.0,0.8333333333333334,0.35651256955596095,0.17765379156863365,0.43794613919328673,0.3354784123063738,0.14585479372458043,0.32541036107746,0.334370992594303,29.14709805377624,145.78220025588448,1.5855867346938777
qwen2.5coder7b,logic_ops,1.0,0.8333333333333334,0.5167004931085613,0.44919500105734567,0.6676973044950986,0.5163050375576292,0.35048482305312534,0.5049248863653951,0.5163050375576292,54.7823964172833,100.66746274064137,1.016294831600528
magicoder7b,str_match,1.0,0.8333333333333334,0.2677977281342659,0.12159977627192585,0.29118975714505596,0.2028775500085728,0.05091146183985667,0.14835626923286416,0.20032155877272093,29.404598336528846,185.48405058041186,2.1534338266033393
magicoder7b,int_arith,1.0,0.8333333333333334,0.31281608292971175,0.2754916222085512,0.4405756105820759,0.35178272919949455,0.1646639164040513,0.30560772435367767,0.34415457235771785,40.03835863308705,124.19837181365901,1.3056080754492885
yicoder9b,file_rename,1.0,0.8333333333333334,0.37590283555831416,0.264137851666779,0.492884753879951,0.179878343122637,0.07106267351557881,0.16468219043887608,0.17828887160835347,47.96382802832982,418.8288823672682,4.61088186736683
yicoder9b,file_size,1.0,0.8333333333333334,0.3679699757671215,0.2392185750292872,0.49564375935747484,0.27780501772552807,0.12692566223455198,0.2499226090360418,0.27131012040781166,44.33099326416676,256.33823041960414,2.9898035992753207
qwen2.5coder7b,int_cmp,1.0,0.8095238095238095,0.38616671162010946,0.2975539459138488,0.5070060445415887,0.46555924884527816,0.27849375211840527,0.4009954793182003,0.4640271190674275,44.62668359096007,77.20070524283399,0.8207704033792448
deepseekcoder7b,int_cmp,1.0,0.8095238095238095,0.3801990680433319,0.26501444131087026,0.4864927500197894,0.43470523674294786,0.25382073020411783,0.3797625566769129,0.433328844287954,42.61869447305218,89.70077232373986,0.9408888093627946
magicoder7b,file_exists,1.0,0.8095238095238095,0.3699599255139111,0.21499558222184167,0.4525844682777029,0.21224714339729442,0.10460835139254998,0.18744399807437245,0.20992452384567276,40.15037731693772,571.1954520725703,8.154590746555032
yicoder9b,str_prepend,1.0,0.8095238095238095,0.36121442397594905,0.1609264191946753,0.42704607489321766,0.3118289244691004,0.13408021961795238,0.3084534548374731,0.3118289244691004,29.560249170655517,165.17565280723176,1.8167375283446712
qwen2.5coder2b,str_append,1.0,0.8095238095238095,0.3539352934818552,0.20751265312720366,0.4553375829017328,0.3709224467891127,0.21397288469983303,0.3658546006233185,0.3685109693776353,34.5098961143903,97.36312954669047,1.07507497622705
codegeex4,file_create,1.0,0.8095238095238095,0.3403433530579382,0.24343167090306353,0.4431051958794581,0.276121299568188,0.13014049296435873,0.2529254544015894,0.27578116351376625,41.65240957868235,191.123254703638,2.0842837543965365
codegeex4,str_match,1.0,0.8095238095238095,0.28651588509974363,0.11721917482935208,0.2892163191829487,0.21015127778099293,0.06112772057024659,0.1561893551225899,0.20688524667996266,30.671071477259975,214.36056087281054,2.506245586036702
yicoder9b,str_cmp,1.0,0.7857142857142857,0.2564225748516041,0.12065470569126333,0.25117755137633085,0.21038300367816248,0.056078475765839055,0.1486566263379936,0.20724821052995368,28.802949776038115,108.71727438054768,1.1073201625045856
codegeex4,logic_ops,1.0,0.7857142857142857,0.5079904976030266,0.4452249303169756,0.6815197599611311,0.5220700824616039,0.34648943044458164,0.5116716284202437,0.5220700824616039,55.15054597445136,83.14225359953905,0.8474373612062481
deepseekcoderv2,file_size,1.0,0.7857142857142857,0.35644757210361594,0.20843503065695418,0.4715642167692155,0.26615354669569136,0.1212859275941955,0.24236074494632837,0.2611033793615275,41.7439446766181,318.6415401742906,3.6872119705613757
deepseekcoderv2,file_rename,1.0,0.7857142857142857,0.38188744240669187,0.2846194526445031,0.5257261053398289,0.19626356408460563,0.08464672582456202,0.1895443403008224,0.19580860503092049,50.383044287345875,388.7904396565814,4.295265196721964
magicoder7b,int_cmp,1.0,0.7857142857142857,0.4163012455163659,0.3056997278392938,0.5185763567812136,0.4685299096561453,0.28504761065497536,0.4042747018955086,0.4667886450189257,45.47887861344979,83.36631439848802,0.8793653423380314
yicoder2b,str_append,1.0,0.7857142857142857,0.3550436817461,0.20378977451563252,0.43649879162723204,0.35780204305798763,0.19652702467795552,0.34759139699035413,0.3507482127959476,35.39538305069692,120.0390888192884,1.311674651939629
deepseekcoderv2,file_exists,1.0,0.7857142857142857,0.3868773281704974,0.2267555753336025,0.44656865793897876,0.22479980699273872,0.11777835863032954,0.19734252050321346,0.2237908398547393,40.35415453234933,613.2651679753078,8.624377507413222
qwen2.5coder7b,str_append,1.0,0.7857142857142857,0.40345154896684915,0.2436702130376357,0.47875606038512847,0.3961529939901825,0.23255693565818358,0.38736811505902696,0.39468744564963415,37.48736158950134,106.00754778407088,1.1517866286299465
yicoder2b,str_interp,1.0,0.7857142857142857,0.37620305241481583,0.25125064256298135,0.5127023494809799,0.3842686984847212,0.22034098070070887,0.3460297841020736,0.37914741522811113,40.201683859392936,126.51672031248691,1.379220072543054
codegeex4,file_size,1.0,0.7857142857142857,0.3739093065412068,0.2307681206594013,0.4746461227297335,0.2871897208745586,0.1271299439770607,0.2573531283376547,0.2804324038430715,42.51217942289437,239.41573026012006,2.7595864186056116
qwen2.5coder2b,str_prepend,1.0,0.7619047619047619,0.35640577946963914,0.16195296139897938,0.4365876699392997,0.3069490338491885,0.1261588168261074,0.29893402681783765,0.30657110489983097,28.20571971051994,174.73976316081578,1.9572845804988663
codegeex4,file_exists,1.0,0.7619047619047619,0.38093743911891836,0.20145360971950113,0.43606198872754215,0.2108027765376928,0.108244385967098,0.1876456208190337,0.20923404813036398,37.98200952462346,629.8658473087547,8.929508983080412
qwen2.5coder7b,int_arith,1.0,0.7619047619047619,0.32156231230031934,0.2842824138809255,0.4252060175366315,0.3729726005474332,0.1786743952498618,0.3279332152731803,0.3603647097312139,40.559986259516045,108.51422377088973,1.11812201506168
qwen2.5coder2b,int_cmp,1.0,0.7619047619047619,0.390177518463387,0.28347309390684344,0.49100400739907096,0.4637844220557416,0.2753389444212607,0.39893175916091245,0.46298002230555874,44.417775005348076,80.68811944118528,0.8658400565918892
codeqwen,file_exists,1.0,0.7619047619047619,0.38012228676033033,0.2103367108247799,0.45646934375744974,0.20614676700167353,0.10286099223041671,0.1806366655119444,0.20402043133489936,39.94055943593823,589.2429979475263,8.360670678527821
dolphincoder7b,str_prepend,1.0,0.7619047619047619,0.34995933220527425,0.14020410878631512,0.4225807101581964,0.3045015669028355,0.12883321748085338,0.292360788947147,0.3009547688732788,26.131093877077575,187.5050193471246,2.064073129251701
stablecode,str_append,1.0,0.7619047619047619,0.369037881964524,0.21148825356827172,0.4520518968633591,0.36453084374456235,0.2136748753298036,0.35819608701564604,0.36065114606743587,34.42151978794576,140.62245731625984,1.5792416428937168
codeqwen,logic_ops,1.0,0.7619047619047619,0.4003371552117474,0.2529814494957123,0.6636994985330595,0.3464388782388993,0.11162003958272389,0.3347791461659558,0.3453048510289764,40.78595095056795,118.72936353393963,1.2084570172132083
magicoder7b,file_create,1.0,0.7380952380952381,0.31423123064909,0.2044955861131126,0.42093852705147905,0.24405936669846087,0.10390947586935823,0.2284745569052171,0.2434711314043432,39.91363928194018,180.55281253917144,1.9353739062385678
codegemma7b,str_concat,1.0,0.7380952380952381,0.4294124458325417,0.3045247282419622,0.5061046511955775,0.44974749670347614,0.3051442627358237,0.43271737439930247,0.4494073606490544,43.01928512730708,121.59246278602974,1.2691099500596885
codegeex4,file_rename,1.0,0.7380952380952381,0.39682378359346143,0.348192156839864,0.5627492912245509,0.26897836802509856,0.1317848396745577,0.25027021885207834,0.26856428152242817,55.452517312742216,295.25857745345934,3.2856158252774796
deepseekcoderv2,dir_make,1.0,0.7380952380952381,0.3646473759122796,0.18893870478856037,0.3853234730478836,0.26323398152264565,0.12839056552331823,0.21999652735420183,0.26323398152264565,37.75195478043411,1059.3459866339576,10.4450175070028
magicoder7b,file_size,1.0,0.7380952380952381,0.35958566561114785,0.2433767520687888,0.4859948104084613,0.2744812331545081,0.13086126082455335,0.2529951224816612,0.26878700979329667,42.71493820737965,207.88151538726436,2.393306895518997
yicoder2b,str_concat,1.0,0.7380952380952381,0.3913735210303929,0.24314700606361,0.4825624095048771,0.36727379581370045,0.21771338895629544,0.34364457917364966,0.3668597171387522,39.3877686506411,181.36617824093787,1.9541721169599915
dolphincoder7b,int_arith,1.0,0.7380952380952381,0.27817481101674246,0.21729634191407046,0.38121362220877164,0.31635675182297635,0.14144001970541054,0.27984356434562185,0.3114728185689707,35.30925423597293,124.6167352619864,1.3002756950085188
deepseekcoder7b,str_interp,1.0,0.7380952380952381,0.37130065703182236,0.21808891469027036,0.5053821904588258,0.34339191774374833,0.17672219950965862,0.3160901256771661,0.34011933147317414,37.807964451098144,159.51962432250107,1.7067389132606525
codegeex4,int_factors,1.0,0.7380952380952381,0.27102011929764136,0.16438202075827946,0.3267447142054047,0.3174888985163578,0.10737860556879261,0.25590989758076627,0.3158085909361346,34.49740702080403,120.32835394067467,1.2477115765996172
codeqwen,file_rename,1.0,0.7380952380952381,0.3777946945557285,0.28417071872658456,0.5258264687292795,0.2020206782598306,0.0896456157646785,0.19222987281257006,0.2009002300805589,47.74933793592734,346.36139833482355,3.785978090066436
codeqwen,file_size,1.0,0.7380952380952381,0.3768814917909855,0.26366860911306456,0.4939184892511047,0.29982313361035884,0.14485113974032776,0.27241801595157905,0.29428705392473153,44.53342355534105,250.6078122903334,2.910961513210793
codeqwen,int_arith,1.0,0.7380952380952381,0.2922243486222989,0.21582243569821746,0.42776917414342364,0.31339682400940605,0.10821549488361215,0.2669837473315432,0.3072236471554148,36.514642653074844,130.59215086509343,1.3523854288818176
codeqwen,int_cmp,1.0,0.7380952380952381,0.3587802184949229,0.25330579215060406,0.5008751065224338,0.41923660739182805,0.2030927867489703,0.35805559613679144,0.4181011232580548,40.85479019940133,83.6552066068925,0.877146167056546
magicoder7b,str_prepend,1.0,0.7380952380952381,0.33491854973686613,0.13629529462030476,0.40719696406034267,0.29247481490976623,0.12134241425583799,0.2833413432277014,0.29247481490976623,26.18741173371231,187.02876071297123,2.0795776643990926
qwen2.5coder7b,str_interp,1.0,0.7142857142857143,0.38391791964228345,0.24594171983239338,0.513398940893016,0.3765246294925732,0.21953255693772983,0.3351084896310713,0.3725196568910527,40.17925285716942,144.2117151400414,1.5584111081005492
yicoder2b,int_cmp,1.0,0.7142857142857143,0.3537618092880415,0.24307994901648333,0.45652059543277135,0.42602960549280217,0.2415844285804742,0.36850280288962306,0.4248956579378766,39.50198254699058,81.6163566870474,0.8599531366718028
yicoder9b,file_create,1.0,0.7142857142857143,0.3469789123868425,0.23753520019051558,0.44721771152762524,0.2698291704053062,0.1175998322507624,0.24509590702733267,0.2693793097069983,41.87678805964497,210.98744083289256,2.305153054965085
codegemma7b,str_interp,1.0,0.7142857142857143,0.35134142690252423,0.23573920852402652,0.4868435039888473,0.3763157803591418,0.21184417979014136,0.3323271892964296,0.3718472153035747,38.918959739450884,113.30409769482995,1.231287116380284
yicoder9b,int_factors,1.0,0.7142857142857143,0.2630586613306961,0.14645045251062075,0.32427541585756603,0.29522490017317893,0.09600746155809858,0.2366025199471739,0.2936837901752057,33.00553684352759,136.20685836661454,1.4161294521093126
magicoder7b,file_rename,1.0,0.7142857142857143,0.38527313795824875,0.30107161375367525,0.5046653437770472,0.21610655746290347,0.08910127925024657,0.20609629939830534,0.21538325444306541,50.465282250970056,362.96864935152337,3.9977898615586582
deepseekcoderv2,int_factors,1.0,0.7142857142857143,0.27762957965946733,0.17075642181556067,0.33990094553257527,0.311851521675,0.10620145730954182,0.24796476971666492,0.3100217656294639,35.29136639898915,142.13535859806223,1.4741484776967557
dolphincoder7b,file_size,1.0,0.7142857142857143,0.3521801578352213,0.24865812380769597,0.47166021063308944,0.3010576291398907,0.13940169495513297,0.2764496894875202,0.2956151418016759,42.814946900759956,194.44160781504007,2.2469969032939567
codellama7b,str_append,1.0,0.7142857142857143,0.33198980400973344,0.16549416411979095,0.40068590530670345,0.32345954369817126,0.16395647233638883,0.31752853336649356,0.32345954369817126,31.16510395423491,122.84504453490797,1.3339428961548778
deepseekcoder7b,file_size,0.9523809523809523,0.75,0.36849627906108684,0.2134940931250746,0.45143565755444837,0.24970312160768643,0.12226109458661036,0.2249124551861661,0.24642854955157648,42.29901581841626,328.8604642400438,3.8634549369520093
yicoder9b,str_substring,1.0,0.6904761904761905,0.3017396064292322,0.1620255988089195,0.34084138146406556,0.25254126423746,0.08969302627576545,0.20389184422789258,0.2489681883579903,35.22900978502825,154.96000694634097,1.666165292585767
codellama7b,int_arith,0.9761904761904762,0.7073170731707317,0.28752679897043937,0.266653621148541,0.4065291738150604,0.36212017332758895,0.17523093514735877,0.3220754977601217,0.35593419901342827,37.48451466465322,105.90915215217557,1.0946645419503884
deepseekcoder7b,str_match,1.0,0.6904761904761905,0.286634607567435,0.1319926025258753,0.2959117986294066,0.21087307707305275,0.06817971093005731,0.16259124066074998,0.20786135812539816,30.75456023651415,192.5333295452079,2.2267673121076803
qwen2.5coder2b,str_concat,1.0,0.6904761904761905,0.41156968338316474,0.28564233635120495,0.5138002728529175,0.40157379595680165,0.2534456633236763,0.3834415882062381,0.40157379595680165,42.8340419088794,147.35126602128264,1.567165414383783
codeqwen,file_create,1.0,0.6904761904761905,0.33730889821912513,0.2166242284430083,0.42327270042730863,0.2560460195883513,0.11850419626136405,0.23660670536985617,0.2557625728763332,40.31613066360634,192.98812307444584,2.0729422206865813
codegeex4,str_cmp,1.0,0.6904761904761905,0.2727054196601954,0.12593379837492935,0.25995915085206156,0.20856808968495089,0.05837824148570651,0.14659974217472632,0.20523527646227374,29.256210596614046,114.27148922020268,1.1702533102500978
codellama7b,file_exists,1.0,0.6904761904761905,0.3533634954131378,0.20249934727418722,0.4402862065254725,0.20526994629181367,0.0862351625258009,0.17911747507731005,0.20406294832453625,38.387086447712406,658.2615006806776,9.078190955869527
qwen2.5coder7b,file_size,1.0,0.6904761904761905,0.3697607436133929,0.24470205164265252,0.5016768757934575,0.3067903303632396,0.14647833374238872,0.2813861478401205,0.30268434328149435,44.68921081688452,242.2859316390224,2.8219100159039976
dolphincoder7b,int_cmp,0.9285714285714286,0.717948717948718,0.34655690174070364,0.24301229613392847,0.4421308168433519,0.40745028913821524,0.23836146365928249,0.35623013263977615,0.40633485460192553,38.11751426374461,79.42919188194352,0.8407756068774649
qwen2.5coder7b,file_exists,1.0,0.6666666666666666,0.38992120605255326,0.22357267969544697,0.44639436852277986,0.22868305913657413,0.1194229075866748,0.20508779080481487,0.2277318290350841,40.03518012105404,625.2719346740677,8.798385443921157
dolphincoder7b,str_interp,1.0,0.6666666666666666,0.3543023712253509,0.2477390386587273,0.5175999448920532,0.3932812302800018,0.2170234391587661,0.3515963235178704,0.3875159336305919,40.506118454330064,127.49520763643027,1.4103366440322962
deepseekcoderv2,file_create,1.0,0.6666666666666666,0.34618906900826457,0.19029475597088735,0.4373553263507598,0.22647281971723818,0.10712346935426212,0.21158219205768494,0.22647281971723818,39.72717767730934,252.5750870643989,2.7158952854441574
qwen2.5coder7b,str_match,1.0,0.6666666666666666,0.28927014029501175,0.11415949741043144,0.2951432321981018,0.20556980296175698,0.051419350546661816,0.14732954728093725,0.20329068986375237,29.52884499316634,199.67751606992084,2.3219790320915443
qwen2.5coder7b,bit_ops,1.0,0.6666666666666666,0.3301442841053112,0.2214279210744612,0.3908229472560262,0.27951628207604595,0.13210271637107956,0.23003564053005934,0.2753010064428463,34.34952613829688,171.12704634699625,1.7218664990201749
dolphincoder7b,file_exists,1.0,0.6666666666666666,0.3469634322183966,0.18850282961728593,0.4044337671591946,0.20107104044567622,0.08352243014045133,0.17347693797707525,0.1999549690171048,36.964499580562624,538.8387616196181,7.4870257718471995
qwen2.5coder2b,logic_ops,1.0,0.6666666666666666,0.49127957185915133,0.3736564584395897,0.6304549959275941,0.45317749057984846,0.2863022861367154,0.43945398610078934,0.45317749057984846,49.7376512422716,125.45631553506846,1.2771591207811885
codegeex4,dir_make,1.0,0.6666666666666666,0.35138183004084034,0.17771499060934826,0.37650232660062677,0.26353153543490504,0.11678422605701586,0.21771382859629337,0.26267884646602535,36.70773056946861,842.6565788778227,8.272791199813259
codegeex4,str_substring,1.0,0.6428571428571429,0.30140354097359506,0.18032163075529778,0.35466280978916515,0.2723725345585639,0.1074420587151029,0.2215804274557655,0.27045896285625903,36.286558754420426,143.22159061037928,1.557107283879195
stablecode,str_prepend,1.0,0.6428571428571429,0.3601368103071388,0.1768189423495879,0.4249013563810583,0.32614658193785784,0.14157436743116192,0.3184088123898732,0.32614658193785784,28.547015344754122,176.0360399834084,1.965277777777778
yicoder9b,logic_ops,1.0,0.6428571428571429,0.5025041261473431,0.4424932761004667,0.6733013603593077,0.5049081393492639,0.3322635534107847,0.49195205724544194,0.5037743525011914,53.92855378601129,97.41140708310789,0.9962484137996442
granitecode8b,int_cmp,1.0,0.6428571428571429,0.358732051222012,0.2764235870646775,0.4856732492885235,0.45779970161612615,0.2760077091902596,0.40839452180504504,0.45696712842370946,42.32171089139598,75.45689070932558,0.7997233106298008
deepseekcoderv2,str_cmp,1.0,0.6428571428571429,0.27640879747482,0.1301330804385909,0.27098799699765325,0.21870701580714205,0.06096811898273402,0.1553436893787142,0.21514076547837307,30.318191056424183,117.83613770587527,1.207509137804514
qwen2.5coder7b,int_factors,1.0,0.6428571428571429,0.2739836097283427,0.15627614786079413,0.3226805029752422,0.30937894910040287,0.10588679627836463,0.24882444319243163,0.30824905101570965,33.78960671114522,129.22260422280917,1.3418020242960162
codeqwen,dir_make,1.0,0.6428571428571429,0.3142629691131705,0.19592781839732568,0.3764971435907012,0.2909823088339395,0.12945203127489294,0.25732662435525777,0.2909823088339395,37.721713771854546,582.9577060434892,5.693377100840336
codeqwen,str_match,1.0,0.6428571428571429,0.272300529580559,0.11489739883968171,0.2844669121947013,0.19473964767266155,0.047768618559887975,0.14376325881280427,0.19127127002922184,29.510198446534552,205.51376525185026,2.393108817190298
qwen2.5coder2b,int_arith,1.0,0.6428571428571429,0.31623911581335645,0.25177762453182073,0.41336194108809576,0.34161041870613956,0.1500860790033087,0.28606278086775855,0.33454692937365366,39.2688202528618,128.9811962817329,1.3502397949582725
deepseekcoderv2,bit_ops,0.8571428571428571,0.75,0.3295006084314609,0.2402992004887395,0.3977632169125369,0.3143887008859797,0.14484913314966263,0.24787051067356883,0.30948097965368526,36.27342718184012,133.1065859742244,1.3574167056922135
granitecode3b,str_concat,1.0,0.6190476190476191,0.38794894246694966,0.251564349462131,0.46923248659899,0.429357055311376,0.2529444795612464,0.4034908587177854,0.429357055311376,38.37008076985532,95.79950162750073,0.9845654500444483
qwen2.5coder7b,file_rename,1.0,0.6190476190476191,0.396653174344647,0.29207487465958876,0.523113062824459,0.23753166535004683,0.1138407478298985,0.22371829752397293,0.2357996707209788,49.905200072946975,351.52053909927923,3.8617615467239523
qwen2.5coder2b,file_size,1.0,0.6190476190476191,0.3579698126218872,0.20313208120931242,0.4647696130877237,0.2641795266715161,0.11120740215096335,0.23675684162310695,0.25661226178768476,40.07362082636728,332.46653054025205,3.930806692661884
granitecode8b,str_interp,1.0,0.6190476190476191,0.33449271681486437,0.21644284419374582,0.4881164135181793,0.3770066638036183,0.19106695186126982,0.3430764419954318,0.3731542266434405,37.36009309992427,121.24914039322341,1.3185185529906025
granitecode8b,str_append,1.0,0.6190476190476191,0.3384859061664006,0.1590893662421862,0.41721330599013984,0.33564454979925057,0.154483570828712,0.3308767592586263,0.3341080517756331,29.994061009315708,110.23172463429816,1.1828444639504547
granitecode8b,file_rename,1.0,0.6190476190476191,0.39142649269584123,0.31803746781736136,0.5339296483329528,0.245614375225643,0.12127605375533375,0.2405544628964042,0.24540083689551273,51.22162437387454,308.84414688548543,3.433713997294824
codegeex4,bit_ops,1.0,0.6190476190476191,0.32991139320944185,0.2254741984828892,0.38757363410675455,0.2792177373394976,0.12652734718219794,0.23146653869269135,0.27479144103111547,33.52869801825135,155.16700805934707,1.5686784813539707
dolphincoder7b,str_substring,1.0,0.6190476190476191,0.2995392470862981,0.17264977522162864,0.3586698686909344,0.2612242947458446,0.09935565669881788,0.21266193559441246,0.2572183495406312,34.665565633778,148.98088481131265,1.5947188522517308
deepseekcoder7b,int_factors,0.9761904761904762,0.6341463414634146,0.25860497789542664,0.14987201774537323,0.3267329422717774,0.2961739393662261,0.09711816645054795,0.23660994666467772,0.29446136280761503,34.513529192161414,138.822937157559,1.4402439185948546
codellama7b,str_interp,0.9285714285714286,0.6410256410256411,0.3320264911402492,0.20518209016633818,0.48338933955165647,0.36416032580320806,0.19489374997630807,0.3285016137306129,0.36090641064808865,37.302903137686314,122.3607910308315,1.3229489140860378
yicoder2b,logic_ops,1.0,0.5952380952380952,0.4185596903279973,0.350580563762494,0.6302742992886646,0.42042406253584935,0.22520797426104636,0.397923514503602,0.41887533307843067,46.9795491374273,130.16542300927836,1.330203913310521
codegemma7b,file_create,1.0,0.5952380952380952,0.3282817640846821,0.25579663395524893,0.422396170605169,0.2610822241052529,0.1303056389581648,0.24484755347680034,0.2610822241052529,42.10076476631827,141.45046670752103,1.521310560784245
qwen2.5coder2b,bit_ops,1.0,0.5952380952380952,0.32585201669028463,0.24248808828615814,0.39501614715035,0.3017840712044696,0.14121347212900762,0.25372824953254086,0.2985250953415026,33.73708880197845,144.84012979392685,1.4747083617259231
qwen2.5coder2b,dir_make,1.0,0.5952380952380952,0.33007292570735886,0.17962582625915033,0.36830685866066026,0.27383858315679455,0.125633125582408,0.2392380671862632,0.27383858315679455,37.088872610960905,623.0193859957855,6.118660130718955
dolphincoder7b,str_match,0.9761904761904762,0.6097560975609756,0.26965862582242783,0.12448021585374677,0.3091165698245754,0.19395029300491226,0.0498843668217378,0.14353037506256794,0.18990415726072737,29.85141042500616,193.275421730895,2.21280030030183
magicoder7b,int_factors,1.0,0.5952380952380952,0.265129450869269,0.14625106271354968,0.3122942958477898,0.29973291287023357,0.09520455939162019,0.2367647956048414,0.29791931560452745,32.95985263507508,140.598473847994,1.4629226768860906
deepseekcoder7b,file_rename,0.9047619047619048,0.6578947368421053,0.375911694707503,0.28692990894003256,0.5338717595193182,0.22063038059735618,0.10084329407512968,0.20696674386688615,0.22015495566620158,49.283699925649486,378.91779437236335,4.232912049861496
qwen2.5coder7b,dir_make,1.0,0.5952380952380952,0.3365810264362273,0.1933101422769581,0.37969714436267654,0.27466057255885695,0.11945681164678885,0.23953530600645756,0.27466057255885695,37.97178626919639,528.5904682366163,5.158691059757236
codegemma7b,int_factors,1.0,0.5952380952380952,0.2676337693728009,0.1678022308644064,0.3227691365908656,0.31983303477321806,0.11333900536298563,0.26597439746913354,0.31886008597992543,33.98121060539113,114.7471477423591,1.1897270772983313
codeqwen,str_substring,1.0,0.5952380952380952,0.31076979959677015,0.19159904759844817,0.3586396514510609,0.28776061301302763,0.12349123500252315,0.2337394331288276,0.28515917725324,37.84697754208894,136.03986987543414,1.4719509942083568
magicoder7b,str_substring,1.0,0.5952380952380952,0.31347302359236917,0.17968163725958072,0.35606446859796137,0.26713299222358494,0.1087985513424232,0.21694463458158855,0.26447468607340235,36.906348315899415,155.06106350923423,1.685171468254662
qwen2.5coder7b,str_cmp,1.0,0.5952380952380952,0.2618443544381628,0.10996616524197995,0.24012331626103478,0.19657053995750293,0.057259919861310994,0.14333128036160497,0.1930223764599523,26.819038538308003,113.93613546126937,1.157990350581898
yicoder2b,int_arith,1.0,0.5952380952380952,0.2909491698885761,0.19954507911540018,0.377560960491633,0.28608456398591525,0.10770834251793257,0.23431568392191104,0.2804791753375862,36.14647786607173,169.0077493639062,1.7633267116726739
yicoder2b,file_size,1.0,0.5952380952380952,0.3563722357812445,0.18220356448075223,0.44277986802159414,0.23012508294775968,0.09491134586433576,0.20751624385154221,0.225378041301006,38.007495611464066,342.45631695956746,3.9682999153901424
codellama7b,file_size,1.0,0.5952380952380952,0.34624283569807207,0.2186458171878895,0.4617604423685174,0.2672511900991056,0.10924260353718897,0.24487074363515116,0.26228986641857005,40.154341495476096,257.8049347925077,2.9859623615223576
granitecode8b,file_create,1.0,0.5952380952380952,0.3160215409862802,0.19298040995272572,0.4019206992451562,0.2600290076585642,0.11639496548229043,0.24090898259059335,0.2600290076585642,37.10331797538985,185.18103803738572,2.0003959143056886
stablecode,str_interp,1.0,0.5952380952380952,0.3696255615532807,0.24232674887155725,0.5093416500378998,0.37387762855346046,0.21420553251214347,0.33153657063013264,0.3700141566078781,39.686816061577815,144.12220889059725,1.5779257549443884
granitecode3b,file_create,1.0,0.5714285714285714,0.3108525238176819,0.2115104956037664,0.3711677751290735,0.28997827620758787,0.13191185716270887,0.26902958188669707,0.28997827620758787,36.32149606430954,145.2080136406017,1.5483252267086853
qwen2.5coder2b,str_interp,1.0,0.5714285714285714,0.3625411765627638,0.2438548092576383,0.5154430845488581,0.3752141622272129,0.20965267424569767,0.33446042623596556,0.3704739363136385,40.28721987856402,139.96431268415577,1.5319398223124931
qwen2.5coder2b,file_rename,1.0,0.5714285714285714,0.3719250526274198,0.2873398839763575,0.5161833642381852,0.2147659031244715,0.09515332656736361,0.206000697721759,0.2141618307832908,47.739677426301036,377.2323852146687,4.229921778652981
magicoder7b,str_cmp,1.0,0.5714285714285714,0.24518926820905365,0.11029337230987954,0.2420609547084283,0.20882947921775197,0.059217093037649625,0.15243291625331765,0.2056109643797703,25.33499765871667,105.36846582187053,1.0775148457283545
yicoder2b,file_rename,1.0,0.5714285714285714,0.33571214284897904,0.20567027804231716,0.4357890446064805,0.15939818382729637,0.06371991879473901,0.15449937431859567,0.1589666767840666,39.47607170534671,396.7458614948772,4.385487776982138
dolphincoder7b,file_create,1.0,0.5714285714285714,0.30706718981637454,0.2105346127523469,0.4014785645503112,0.2541913995226877,0.10980704605303891,0.23565538185359405,0.25355325719836275,38.10259924157997,179.9108902814113,1.945131275018493
yicoder2b,file_exists,1.0,0.5714285714285714,0.34032274477105456,0.169331712921514,0.40280722670456576,0.19110155080146468,0.08067857840226061,0.16645195165438448,0.19110155080146468,34.503036772833994,579.2531476163068,7.992559523809524
dolphincoder7b,file_rename,1.0,0.5714285714285714,0.37529493956323967,0.3167590532523179,0.516947818758028,0.2376348421281327,0.10594653237959102,0.22798157263172944,0.23649946053373025,50.06257409416557,303.915534196046,3.377001282969328
granitecode3b,int_cmp,1.0,0.5714285714285714,0.35098609727840296,0.2841010849502234,0.47914610586515366,0.46017405352526597,0.2702188477115592,0.4135551963442156,0.4590398288250119,42.916534710695295,70.55263629060163,0.7498162875140795
codellama7b,str_concat,0.9761904761904762,0.5853658536585366,0.39300124079469195,0.27651038827818464,0.47715287807324075,0.4265236976953601,0.26909401279663836,0.4053214099564569,0.42537789228126205,40.9518229119084,107.48189031151892,1.127090953091366
yicoder9b,dir_make,1.0,0.5714285714285714,0.3122648452505062,0.17692049602165277,0.37998423036909673,0.26309576805627666,0.08745872371965661,0.22530098194579554,0.26309576805627666,36.543483406149626,639.3696183868879,6.219863445378151
codegemma7b,str_prepend,1.0,0.5714285714285714,0.3262082137074008,0.13504968797123437,0.3887278804361171,0.3372796385675888,0.12450813473997083,0.33170393145726684,0.3372796385675888,24.217747336901613,105.69292306134412,1.1128826530612246
granitecode8b,str_concat,1.0,0.5714285714285714,0.41095584035539734,0.24225874545863788,0.472466661711251,0.4243405826677623,0.2638799481052888,0.4037713862446451,0.4234426642440707,38.79151211755145,117.93436148296084,1.1788669826770681
deepseekcoder7b,logic_ops,1.0,0.5476190476190477,0.5099518790447853,0.42730531172233005,0.6663022987967384,0.49425538577926276,0.32713170054570795,0.4833286149547159,0.4907268198813589,52.24347969211683,109.73723526063428,1.1204604760592145
codellama7b,dir_make,1.0,0.5476190476190477,0.28941932976591295,0.15171247753871475,0.339648921350039,0.2564758889128199,0.09921513537067751,0.22955846161063298,0.2564758889128199,33.782042431331696,639.7231973087612,6.373182189542483
codeqwen,int_factors,1.0,0.5476190476190477,0.25752286772408856,0.15429390381178923,0.31788831677898194,0.30345192777765484,0.09817330885864438,0.24400348947750003,0.3013440264633957,33.49841978270318,125.06701907897137,1.3010115171712553
codeqwen,bit_ops,1.0,0.5476190476190477,0.3083415501115467,0.17903389373134931,0.4099419441383321,0.23777694810206404,0.08675012391525036,0.20687988291316067,0.23322373542740196,30.301164327681043,143.10981285555076,1.441072230063575
codellama7b,str_match,1.0,0.5476190476190477,0.2501795283813179,0.09797927161479814,0.261997224331972,0.18183649000418584,0.041886033345887454,0.1379255610748132,0.17940643982864124,27.01422060469713,182.05493197510847,2.103190624050063
codegemma7b,str_match,1.0,0.5476190476190477,0.2637803318759629,0.10539668919236693,0.27693076804931815,0.1918636425568955,0.043001716536706196,0.13898566026087358,0.18927652018631078,29.072828191114727,198.83001441772308,2.3049280849953795
deepseekcoder7b,dir_make,0.9761904761904762,0.5609756097560976,0.32487711192079066,0.18451371131955857,0.3755409006478214,0.2504157100193191,0.1077361973760884,0.21920031065187537,0.2501321025320814,37.30699275831421,609.2765662474243,5.967103060736489
granitecode3b,file_size,1.0,0.5476190476190477,0.3353473555269434,0.2161778212221847,0.4419510780533445,0.29899942101509325,0.12021244187302142,0.27803681071348807,0.293843095683028,38.61463026732587,211.1051524807824,2.415765049784824
granitecode8b,file_exists,1.0,0.5476190476190477,0.36720890259239447,0.18106868319271519,0.39215291208449987,0.18172732170488118,0.08419836871637294,0.16308893353703086,0.18072728276141017,35.52392996890335,773.73075610324,10.542300061050062
codegemma7b,file_rename,1.0,0.5476190476190477,0.41805756573245084,0.42488982656337687,0.6213598259678255,0.2962424949297324,0.15335763223170926,0.2938066554817595,0.2962424949297324,57.35438783829765,212.6949555984989,2.373640201694713
granitecode8b,str_cmp,1.0,0.5476190476190477,0.25756253682311114,0.10396722536949243,0.24360281950509927,0.20044851479177792,0.05013455619366057,0.1474881673685267,0.1974970021316019,27.244731597086208,125.21193995208712,1.2706693676861882
granitecode3b,file_rename,1.0,0.5476190476190477,0.4082815465021905,0.3475003279208567,0.5533895630009292,0.2781786787214285,0.14308860468627796,0.2704822118611634,0.2768976018678326,52.32178904835595,274.6398306782165,2.9899271989497556
granitecode8b,int_arith,1.0,0.5476190476190477,0.29569360350992746,0.2519747773789048,0.42838728651867697,0.3473618150210238,0.1508846196640224,0.30267906289664237,0.3386073625204344,38.84098760367996,114.32894229751989,1.1768413774197166
granitecode3b,str_append,1.0,0.5238095238095238,0.3196873159793507,0.15400038818301012,0.40270546501682863,0.3177105897271508,0.15003548841925055,0.3154126938246038,0.3177105897271508,29.990261859943146,109.69094368516637,1.167736754199888
deepseekcoder7b,file_create,0.9761904761904762,0.5365853658536586,0.34182746324042657,0.2061512434279163,0.41898926775287204,0.23627047878489665,0.10962325641633777,0.21717243602399097,0.23523364089438728,41.56103515279282,227.8062913574858,2.466450864782059
granitecode8b,file_size,1.0,0.5238095238095238,0.3328854661729109,0.18947574896283148,0.43190674085624037,0.2564002951805188,0.10192796727945952,0.23165350527305562,0.25320123795847305,38.8758130568217,303.74384813895574,3.4399335384771996
codegemma7b,file_exists,1.0,0.5238095238095238,0.3582880902011409,0.21438697534391227,0.42502444174169407,0.2097630521426972,0.09412851023659796,0.18367421071275553,0.2097630521426972,38.244794719530056,508.53130322231914,7.059583769405198
yicoder9b,bit_ops,1.0,0.5238095238095238,0.3185175779170331,0.21988413415513058,0.4030957062024815,0.30324547198342033,0.1445417390764322,0.24739923443008247,0.2990662741537891,34.29569140396578,145.4445941668917,1.462814132767084
deepseekcoder7b,str_substring,0.9523809523809523,0.55,0.3413901817447501,0.2016227768338482,0.3802290415831905,0.2981289500052149,0.13697374281825178,0.24648169150778604,0.2955723498145618,39.150721845888256,146.5709384083967,1.6069633656823352
qwen2.5coder2b,int_factors,1.0,0.5238095238095238,0.27263134320730614,0.18029517663552547,0.320507996160996,0.3212670511496549,0.11667177328395782,0.26094117915135273,0.3192292019999461,34.382277082269496,118.55075591345037,1.2311856938733927
dolphincoder7b,bit_ops,1.0,0.5238095238095238,0.32443356995415035,0.22017896506078805,0.3918434013660843,0.28559634754004204,0.13921457050368863,0.233290647963694,0.2817581681302617,32.966303104402925,154.14106102630328,1.5575704330836924
yicoder2b,str_match,1.0,0.5238095238095238,0.2709107941467894,0.10233401030325229,0.2761065022442676,0.17401709998800935,0.03961149473083249,0.1310212945598104,0.17232821761578934,28.188137799317207,209.20486922254102,2.4318484862031107
dolphincoder7b,str_cmp,0.9761904761904762,0.5365853658536586,0.24905831986561225,0.10753885217666252,0.23719538313754424,0.19700639524351954,0.05286292905084532,0.14186629027865671,0.1931818704240829,26.483088657415344,117.67710125275828,1.2094371046507486
codegemma7b,bit_ops,1.0,0.5238095238095238,0.33753963170532475,0.246610351436774,0.3903591626732029,0.30771444684572274,0.16323381051129568,0.26921169261751465,0.3035998650096226,33.13621153515732,123.49418521909072,1.2540674100831097
granitecode3b,str_interp,1.0,0.5238095238095238,0.3538954779411198,0.21827449159200882,0.49816147136520655,0.38222961422031954,0.20243455927766107,0.3463353097803032,0.3776434898037972,37.986957447239135,124.11865414742172,1.3506761526947861
codellama7b,file_create,1.0,0.5,0.3354134301711955,0.20528795418194748,0.41702412108437514,0.2369880054026966,0.1090188115361984,0.2193249198820669,0.23618344623407442,40.220021893432715,207.22302320642277,2.2367158182947655
yicoder2b,str_substring,1.0,0.5,0.2956675542444517,0.18953002794921897,0.3650156799111442,0.2780011987600022,0.11589929314461705,0.22865046176259898,0.27548463979709337,36.44863837288065,135.096842638135,1.4641245372992298
codegemma7b,str_substring,1.0,0.5,0.3106960817163716,0.18435925247164814,0.3470005520443755,0.27816901190076077,0.11542403955053918,0.23363941838796976,0.2756362526249251,36.318699234203415,124.16022127326002,1.3436642255408213
codegemma7b,str_cmp,1.0,0.5,0.2534425386595043,0.12024728516155,0.2434700514945702,0.2086807966533004,0.05534790765072982,0.1536740293823165,0.20594789088099455,27.75577620355961,100.93589855879347,1.035686013900972
qwen2.5coder7b,str_substring,1.0,0.5,0.32404087496371287,0.16460180208161168,0.36058298111190323,0.24691934468930968,0.09479959628018536,0.19850918001431708,0.2429721562052608,35.43378151467481,215.5264287151024,2.325368096500814
granitecode3b,int_arith,1.0,0.5,0.3030396465962258,0.24827087268784387,0.42349421372637247,0.3332892698310173,0.15023382311759545,0.28859809752784776,0.32378241989269874,38.7877221883039,118.07835282329779,1.2181897528828152
codellama7b,file_rename,0.9761904761904762,0.5121951219512195,0.3940599737140752,0.31675617906230447,0.5393024917661897,0.24436153406455086,0.13306275038452942,0.23949842838572943,0.24436153406455086,49.23151091668043,310.95250845754975,3.4020383784664916
codellama7b,str_prepend,1.0,0.5,0.30633814796262276,0.12747023182366535,0.38462891207489536,0.30150958483977436,0.11555651613190357,0.2963225100098424,0.30150958483977436,24.561431522625156,128.77097561308088,1.390391156462585
deepseekcoder7b,str_cmp,0.9761904761904762,0.5121951219512195,0.26543552772553614,0.12685617765920806,0.2610310208966291,0.2207680935084896,0.05448967635954896,0.15352482060343148,0.2177842060848531,30.100638552692626,111.4519915174044,1.1403296750909264
granitecode8b,str_prepend,1.0,0.5,0.3302107582749542,0.11850572965588631,0.3849275898282963,0.33793657894857826,0.12387057428537765,0.33271297291568297,0.33793657894857826,23.220209495970884,119.61056487372277,1.3026218820861677
qwen2.5coder2b,str_match,1.0,0.5,0.294146912506291,0.1313437014851874,0.3143654915950715,0.21257868767352855,0.06600958962155348,0.1612685174431985,0.20909852064217618,31.380177172539025,210.52043088256903,2.446487329138529
magicoder7b,logic_ops,1.0,0.5,0.5067617452025345,0.4527714163236533,0.6935168430164219,0.5208445224947844,0.3405124261339689,0.5132900847136664,0.5201230217732837,53.73801969697508,88.00322189549567,0.8926930581499222
deepseekcoder7b,file_exists,1.0,0.5,0.3619985611115914,0.21234524377882727,0.4222132945927542,0.20929918766639846,0.10495414121915335,0.18048534524381618,0.20899969680086988,38.76376715932612,593.8565264691064,8.402722178615036
qwen2.5coder7b,file_create,1.0,0.5,0.35302656302210916,0.19348681429344014,0.41644604251482775,0.23569799979525083,0.1153406752642109,0.21464417198007602,0.23569799979525083,39.90931642576311,259.84207693327147,2.822038244406665
codegemma7b,file_size,1.0,0.5,0.35563211227058206,0.25970372759045185,0.4745061034358737,0.2983081614606923,0.13119549818174206,0.2805134469294955,0.29517859256889833,41.70082735612566,181.25401412439038,2.06389862603033
qwen2.5coder2b,str_substring,1.0,0.5,0.29721407501560776,0.1719907144261789,0.3582036839892823,0.2612139416135597,0.10118544986037502,0.21364986590140525,0.2593128975984159,36.32439902876442,144.09911825428367,1.5642109933465764
qwen2.5coder2b,file_create,1.0,0.47619047619047616,0.32114593044801293,0.216148659400531,0.4249569442206699,0.25651402172708454,0.12213661763520214,0.2392402032283426,0.25651402172708454,41.78884747644412,200.32229339834998,2.1825246391035864
yicoder2b,str_cmp,0.9047619047619048,0.5263157894736842,0.25299577628042247,0.08872747379294345,0.2248755524903259,0.20161251761712706,0.052577817392754085,0.1461929201404501,0.19818778073892798,24.915182856657978,112.72962356424648,1.1575413093711437
dolphincoder7b,dir_make,0.9761904761904762,0.4878048780487805,0.3171549113136484,0.1719827025485895,0.36038284826034284,0.25517014370982877,0.10168168414667761,0.22698577568926867,0.25517014370982877,36.35064288541145,664.0667170919528,6.479427905308465
codegemma7b,dir_make,1.0,0.47619047619047616,0.32377786415312626,0.19330761734802748,0.3952605037836256,0.2835468970321466,0.11606805828850256,0.2506791044524159,0.2835468970321466,37.07042093303818,382.25324446176324,3.718784430438842
dolphincoder7b,int_factors,1.0,0.47619047619047616,0.2647927688370522,0.14044630283088474,0.3127807435438915,0.2960300473958773,0.09913054029632513,0.24356325864153813,0.2944184107030312,32.49911315370247,141.47308200358123,1.4718362162960115
dolphincoder7b,logic_ops,1.0,0.47619047619047616,0.45667196707434776,0.4018210312695117,0.6390973617690253,0.4560093866315688,0.27703583173922947,0.44325896650974944,0.455187985810168,50.15833267537734,104.75380156673907,1.073196500088556
granitecode8b,logic_ops,1.0,0.47619047619047616,0.49215347860517866,0.4690863404729105,0.6666130262636456,0.5199220894507792,0.34588214230100434,0.5133519813539931,0.5199220894507792,54.634817289760164,82.31803626183974,0.8218941635193504
magicoder7b,bit_ops,0.9761904761904762,0.4878048780487805,0.320383473906515,0.22414934143616597,0.39082968605501456,0.2779513845766477,0.12847695872721346,0.23178370529109618,0.2743496955442484,32.55141404501608,144.43414323829148,1.4599368989844852
yicoder2b,int_factors,1.0,0.4523809523809524,0.2431278140944094,0.13163418515886813,0.2995560387030089,0.27839188357175393,0.08940093600067486,0.22511250811314004,0.27629845255552976,30.88946649728606,140.06855118641766,1.4546436721416185
yicoder2b,dir_make,0.9761904761904762,0.4634146341463415,0.3193358450200436,0.14486108638973336,0.34349464705129495,0.22550130462315143,0.09110199940993637,0.199558686042627,0.22508791065870334,32.0880472307193,870.9279373057345,8.644192969870874
codellama7b,logic_ops,1.0,0.4523809523809524,0.45652401753820576,0.4355402981658073,0.6738377265774327,0.48451830645775795,0.29578901642843014,0.47761621581070995,0.4836525055919571,51.33537171731238,76.83186171130168,0.7896740292263451
granitecode8b,dir_make,1.0,0.4523809523809524,0.3124224268905878,0.18764846504928728,0.39159906524530835,0.2907674135458008,0.11336447494468427,0.2572295361020125,0.2907674135458008,36.26984516150955,459.9167635195342,4.43109126984127
codeqwen,str_cmp,1.0,0.4523809523809524,0.2549500529885093,0.1074436235034948,0.24465206425297342,0.19474589555307786,0.046618041723362945,0.13954407105620487,0.19205647505343731,27.365377877105175,112.3585495740678,1.1483452206004954
qwen2.5coder2b,str_cmp,1.0,0.4523809523809524,0.2615390885598043,0.10966210042329247,0.23449006582408363,0.19561535504993768,0.060471019077813194,0.14678475913703348,0.19132526448352394,26.474466279392633,122.44945767022075,1.2441963500191147
magicoder7b,dir_make,1.0,0.4523809523809524,0.29973279145904314,0.16848925955004124,0.36462164745139053,0.2529376616980891,0.0937797607673279,0.21715811071367902,0.25272880622607574,35.74776336124447,627.0562126083031,6.140751050420168
granitecode3b,str_prepend,1.0,0.4523809523809524,0.2975820943582014,0.11893883299657283,0.37461791652274173,0.2953856681606847,0.10253544028557657,0.28599281789769004,0.2953856681606847,23.67017048886682,116.36597320807847,1.255172902494331
codegemma7b,logic_ops,1.0,0.42857142857142855,0.507524856371336,0.45749901512477026,0.6742898601708808,0.5330936752210641,0.34379781307792207,0.5255964390023904,0.5318726740000629,52.72322255115599,75.16729172938662,0.766574615050162
yicoder2b,bit_ops,1.0,0.42857142857142855,0.3010846872873766,0.21623951043763415,0.389833601216855,0.28295725024315577,0.11934787111997022,0.23164842434236893,0.2780863685464474,31.130747118455318,142.5903721518257,1.4508950998849355
yicoder2b,file_create,0.9761904761904762,0.43902439024390244,0.3118035720153576,0.18952931625949854,0.40009915127711543,0.23664780941447694,0.10463234712978872,0.21685667616841775,0.23580899294554933,37.290495272852446,236.08682296257646,2.572489990397564
qwen2.5coder2b,file_exists,1.0,0.42857142857142855,0.3841853369123327,0.1885045246201383,0.4294873734903013,0.21112802547140658,0.10571819763091468,0.18310559711127683,0.21088256646306097,36.91370186721694,769.9336469713226,10.836092578056864
granitecode8b,bit_ops,1.0,0.40476190476190477,0.3087911768553256,0.2284180326218621,0.3961112553388504,0.2978454888117173,0.1518051374222736,0.25287190291482414,0.29283880850392063,32.55015923631725,150.15574428449352,1.51383851452915
granitecode3b,bit_ops,1.0,0.40476190476190477,0.3073831256565682,0.22070247564273565,0.3904419541244865,0.2826881437627864,0.14225475128831166,0.24251146225389902,0.2790847089575458,31.39950840360238,136.27496637727225,1.3731543375507547
granitecode3b,file_exists,0.9761904761904762,0.4146341463414634,0.37252479413134226,0.20802763872038965,0.44244306470987615,0.2054609442685089,0.0985956638346139,0.18188772391871036,0.20425627452692163,38.20425778165572,669.3632603525261,9.33101492003931
granitecode3b,str_match,0.9523809523809523,0.425,0.23386660826125683,0.09313571076512345,0.25903222981538254,0.18024199146429,0.04183485697302032,0.13618936224143757,0.17773210721416632,26.418146619761927,170.00059759769783,1.9432446067546725
codellama7b,str_substring,0.9523809523809523,0.4,0.29507054006911326,0.1960514728504889,0.3607140908494883,0.2944404752184446,0.12619600056263408,0.24553925465604892,0.2910786789835139,37.46923483723752,136.51227684841422,1.4780560774684095
stablecode,str_concat,1.0,0.38095238095238093,0.41320827083350203,0.27806021378767665,0.5063580863371475,0.42297660489384176,0.2665598703176998,0.3983875977079072,0.42107130283655486,42.44904628126411,147.65129736104967,1.5591194330632323
codellama7b,int_factors,0.9761904761904762,0.3902439024390244,0.24362049256634297,0.1318943223854567,0.3039515455263671,0.2877280367975932,0.09074100839584806,0.23522277377975667,0.28477448818020823,31.27915231405625,137.00280196580658,1.4276330716355603
granitecode3b,str_cmp,0.9761904761904762,0.36585365853658536,0.25094632102570585,0.09481672046141436,0.23201301751865447,0.19398265053125874,0.05006685411177021,0.14280044830013766,0.18951085773780751,25.5028588115744,120.0697119043764,1.226701544243764
codellama7b,str_cmp,0.7857142857142857,0.45454545454545453,0.235080723519915,0.10701027790631631,0.22943262982601975,0.1998821503095073,0.05242824227914397,0.14904667429866827,0.19587099066603925,26.173005457467372,114.56496195765403,1.1711019958284976
deepseekcoder7b,bit_ops,0.9523809523809523,0.375,0.29870494967748334,0.21457598864208105,0.3879516132418459,0.2738143996343595,0.10916031592076256,0.21975999214272263,0.2671553577206626,33.79814588981621,145.78708476490158,1.473492770047455
granitecode3b,logic_ops,0.9761904761904762,0.34146341463414637,0.4702617339925675,0.4559315957586228,0.6733598630348503,0.5195382770570959,0.3245065486465791,0.5080057101383592,0.5187114297453131,52.17179548186346,77.26798690810908,0.7856811321224269
codellama7b,bit_ops,0.9523809523809523,0.35,0.3294820016262148,0.24185170850967466,0.4157464814932563,0.31669808395082255,0.16063562200866596,0.2700565825169062,0.31147679218968377,34.20894964157527,118.2955132848236,1.2054120604943959
granitecode3b,dir_make,1.0,0.3333333333333333,0.29366777326827564,0.16328620081121634,0.3717139114434673,0.2619777862023943,0.10291140196723546,0.23765374530434646,0.2616197482503714,35.4907459537862,417.0087214616456,4.06047910830999
granitecode8b,str_substring,1.0,0.3333333333333333,0.32866728848612414,0.20543383675522692,0.3763128733609232,0.29426997247127595,0.13027477141946017,0.24623821708337426,0.2922870604703456,37.70741912697062,133.6710595463902,1.4187916385897672
granitecode3b,str_substring,1.0,0.3333333333333333,0.3005386186639575,0.18233255952190414,0.3425031216960305,0.26944787511058177,0.11280782891926189,0.22643046944236242,0.26772768557414905,35.19529524226245,122.77835337233735,1.3005064808666638
granitecode8b,str_match,0.9761904761904762,0.2926829268292683,0.2536666685172811,0.08957019321996795,0.26266916990495076,0.18240393308568356,0.04687136100264119,0.134143961511055,0.18025019765648378,26.859600566422003,207.19085170045778,2.3445765553792293
granitecode8b,int_factors,1.0,0.2619047619047619,0.24565334455060256,0.1408464606549067,0.2999133017569918,0.30039289019984633,0.10025941761991797,0.24652680568979932,0.29868896621617624,31.46648868272593,125.67180715533145,1.3093160907321386
granitecode3b,int_factors,1.0,0.23809523809523808,0.25330102426812157,0.154736422902377,0.3117795250622573,0.31931823554201955,0.11463712981306243,0.2636536752071552,0.3163133563021117,31.56575276309018,112.53425969541438,1.184953510638396
stablecode,int_cmp,1.0,0.21428571428571427,0.371074824852132,0.2762248429001319,0.49199455091763433,0.443905312101557,0.25247208260243437,0.37901596833915624,0.44263412088004933,42.961777047744114,81.47772437413587,0.8579953454350021
stablecode,file_size,1.0,0.16666666666666666,0.3573640637917101,0.1832279489792396,0.4182305983118452,0.2511408837907801,0.11108852469569166,0.2238774881225086,0.24507447082172346,38.82750281944071,347.6601689651373,4.036855486067774
stablecode,logic_ops,1.0,0.16666666666666666,0.4545658990552336,0.4134830124124737,0.6587088328977627,0.46000471779327495,0.2673067259057509,0.4515388794147261,0.46000471779327495,52.056998040559264,91.71694950830289,0.9378950330239855
stablecode,dir_make,1.0,0.14285714285714285,0.3150421738397932,0.1621877034039542,0.34459715966051047,0.2407827267506043,0.09592884651114905,0.21173240105501923,0.2407827267506043,34.36845519418597,692.1161370128649,6.803864379084967
stablecode,int_arith,1.0,0.11904761904761904,0.28437767129784414,0.22920785198236607,0.39832678339842914,0.2998915014389463,0.11883341575782805,0.24335456812809678,0.29317639094618064,37.84641172312512,152.38358647387747,1.5938777142510845
stablecode,file_rename,1.0,0.09523809523809523,0.35357644351122136,0.1752583954581454,0.41806202217491684,0.16296429781906666,0.06729140627347652,0.15283138598629817,0.16278986907320933,38.362095170576104,494.36979231762695,5.4103030393443925
stablecode,file_create,1.0,0.07142857142857142,0.32958714982245635,0.18097674345581508,0.404377354257847,0.24311742938990083,0.10186628775872492,0.21798859758144737,0.2421644795122198,38.48762566419215,210.9318663398966,2.2588817684682345
stablecode,str_cmp,0.9761904761904762,0.07317073170731707,0.24918541206575523,0.103709638336237,0.23129067397032627,0.19131092669954602,0.04859440456057389,0.13647725624211615,0.1875631831272165,26.41119205157699,100.51824226285984,1.0225784712452448
stablecode,file_exists,1.0,0.047619047619047616,0.3703520171759265,0.18124249366770845,0.4018122306064979,0.19449257791985047,0.09439531582396428,0.16876625375978907,0.193552051849607,36.36737103841466,740.2790768309069,10.597922117564975
stablecode,bit_ops,0.9761904761904762,0.04878048780487805,0.3033301034335611,0.2252710578090336,0.3848648373170758,0.2702387147861593,0.11636485262027585,0.2241639265348864,0.2654497382846552,31.810982548021602,144.98424578233198,1.4770365407999753
stablecode,str_match,1.0,0.047619047619047616,0.24571361633055996,0.10358200138564615,0.26556713832468515,0.17852441094044674,0.04452816344628628,0.13538622912820034,0.17653368718490095,27.840105773473358,161.42155860033742,1.8519357598097084
stablecode,int_factors,1.0,0.023809523809523808,0.2584119744659753,0.14951267148258224,0.3129716031436094,0.30008162278404427,0.10088988239038346,0.2394089742885488,0.29839163620238374,32.902936356901385,136.1973296264477,1.4190970121570647
stablecode,str_substring,0.9761904761904762,0.024390243902439025,0.28343481094112205,0.16589949779452368,0.3238620534018488,0.2526422128930055,0.10579597957426516,0.21321221872326554,0.2493930960547352,33.76382915305623,125.77189585478726,1.3419747590839743
